Date,Fear Greed
2015-11-09,67.0
2015-11-10,66.0
2015-11-11,63.0
2015-11-12,55.0
2015-11-13,45.0
2015-11-16,50.0
2015-11-17,48.0
2015-11-18,53.0
2015-11-19,52.0
2015-11-20,54.0
2015-11-23,53.0
2015-11-24,58.0
2015-11-25,59.0
2015-11-27,58.0
2015-11-30,58.0
2015-12-01,60.0
2015-12-02,55.0
2015-12-03,49.0
2015-12-04,58.0
2015-12-07,47.0
2015-12-08,38.0
2015-12-09,35.0
2015-12-10,36.0
2015-12-11,24.0
2015-12-14,29.0
2015-12-15,35.0
2015-12-16,44.0
2015-12-17,34.0
2015-12-18,29.0
2015-12-21,32.0
2015-12-22,36.0
2015-12-23,42.0
2015-12-24,42.0
2015-12-28,44.0
2015-12-29,51.0
2015-12-30,47.0
2015-12-31,45.0
2016-01-04,40.0
2016-01-05,41.0
2016-01-06,34.0
2016-01-07,25.0
2016-01-08,17.0
2016-01-11,18.0
2016-01-12,17.0
2016-01-13,14.0
2016-01-14,18.0
2016-01-15,10.0
2016-01-19,11.0
2016-01-20,9.0
2016-01-21,13.0
2016-01-22,14.0
2016-01-25,15.0
2016-01-26,18.0
2016-01-27,19.0
2016-01-28,21.0
2016-01-29,27.0
2016-02-01,27.0
2016-02-02,23.0
2016-02-03,25.0
2016-02-04,25.0
2016-02-05,17.0
2016-02-08,14.0
2016-02-09,20.0
2016-02-10,16.0
2016-02-11,18.0
2016-02-12,24.0
2016-02-16,34.0
2016-02-17,45.0
2016-02-18,47.0
2016-02-19,50.0
2016-02-22,51.0
2016-02-23,51.0
2016-02-24,49.0
2016-02-25,54.0
2016-02-26,57.0
2016-02-29,53.0
2016-03-01,64.0
2016-03-02,66.0
2016-03-03,69.0
2016-03-04,71.0
2016-03-07,73.0
2016-03-08,70.0
2016-03-09,71.0
2016-03-10,71.0
2016-03-11,75.0
2016-03-14,73.0
2016-03-15,73.0
2016-03-16,75.0
2016-03-17,78.0
2016-03-18,79.0
2016-03-21,78.0
2016-03-22,78.0
2016-03-23,70.0
2016-03-24,66.0
2016-03-28,64.0
2016-03-29,68.0
2016-03-30,71.0
2016-03-31,73.0
2016-04-01,78.0
2016-04-04,74.0
2016-04-05,67.0
2016-04-06,77.0
2016-04-07,66.0
2016-04-08,68.0
2016-04-11,64.0
2016-04-12,68.0
2016-04-13,71.0
2016-04-14,72.0
2016-04-15,70.0
2016-04-18,75.0
2016-04-19,75.0
2016-04-20,76.0
2016-04-21,74.0
2016-04-22,74.0
2016-04-25,70.0
2016-04-26,72.0
2016-04-27,72.0
2016-04-28,69.0
2016-04-29,63.0
2016-05-02,71.0
2016-05-03,63.0
2016-05-04,57.0
2016-05-05,58.0
2016-05-06,61.0
2016-05-09,60.0
2016-05-10,67.0
2016-05-11,60.0
2016-05-12,61.0
2016-05-13,54.0
2016-05-16,62.0
2016-05-17,53.0
2016-05-18,55.0
2016-05-19,51.0
2016-05-20,56.0
2016-05-23,54.0
2016-05-24,65.0
2016-05-25,73.0
2016-05-26,74.0
2016-05-27,78.0
2016-05-31,75.0
2016-06-01,78.0
2016-06-02,79.0
2016-06-03,75.0
2016-06-06,80.0
2016-06-07,81.0
2016-06-08,80.0
2016-06-09,79.0
2016-06-10,61.0
2016-06-13,53.0
2016-06-14,50.0
2016-06-15,50.0
2016-06-16,51.0
2016-06-17,53.0
2016-06-20,62.0
2016-06-21,67.0
2016-06-22,57.0
2016-06-23,77.0
2016-06-24,42.0
2016-06-27,37.0
2016-06-28,47.0
2016-06-29,60.0
2016-06-30,64.0
2016-07-01,71.0
2016-07-05,67.0
2016-07-06,70.0
2016-07-07,69.0
2016-07-08,78.0
2016-07-11,83.0
2016-07-12,88.0
2016-07-13,86.0
2016-07-14,90.0
2016-07-15,89.0
2016-07-18,91.0
2016-07-19,87.0
2016-07-20,90.0
2016-07-21,85.0
2016-07-22,86.0
2016-07-25,85.0
2016-07-26,85.0
2016-07-27,82.0
2016-07-28,82.0
2016-07-29,79.0
2016-08-01,77.0
2016-08-02,77.0
2016-08-03,81.0
2016-08-04,80.0
2016-08-05,86.0
2016-08-08,84.0
2016-08-09,80.0
2016-08-10,74.0
2016-08-11,80.0
2016-08-12,75.0
2016-08-15,81.0
2016-08-16,77.0
2016-08-17,76.0
2016-08-18,78.0
2016-08-19,77.0
2016-08-22,72.0
2016-08-23,76.0
2016-08-24,69.0
2016-08-25,66.0
2016-08-26,63.0
2016-08-29,64.0
2016-08-30,64.0
2016-08-31,61.0
2016-09-01,62.0
2016-09-02,65.0
2016-09-06,65.0
2016-09-07,65.0
2016-09-08,70.0
2016-09-09,43.0
2016-09-12,58.0
2016-09-13,35.0
2016-09-14,33.0
2016-09-15,43.0
2016-09-16,43.0
2016-09-19,44.0
2016-09-20,45.0
2016-09-21,56.0
2016-09-22,60.0
2016-09-23,54.0
2016-09-26,41.0
2016-09-27,45.0
2016-09-28,51.0
2016-09-29,37.0
2016-09-30,49.0
2016-10-03,45.0
2016-10-04,43.0
2016-10-05,51.0
2016-10-06,53.0
2016-10-07,51.0
2016-10-10,57.0
2016-10-11,43.0
2016-10-12,45.0
2016-10-13,34.0
2016-10-14,41.0
2016-10-17,33.0
2016-10-18,40.0
2016-10-19,39.0
2016-10-20,38.0
2016-10-21,43.0
2016-10-24,53.0
2016-10-25,48.0
2016-10-26,43.0
2016-10-27,46.0
2016-10-28,32.0
2016-10-31,30.0
2016-11-01,21.0
2016-11-02,17.0
2016-11-03,14.0
2016-11-04,14.0
2016-11-07,33.0
2016-11-08,33.0
2016-11-09,43.0
2016-11-10,45.0
2016-11-11,48.0
2016-11-14,53.0
2016-11-15,63.0
2016-11-16,60.0
2016-11-17,63.0
2016-11-18,61.0
2016-11-21,67.0
2016-11-22,67.0
2016-11-23,70.0
2016-11-25,72.0
2016-11-28,70.0
2016-11-29,71.0
2016-11-30,73.0
2016-12-01,71.0
2016-12-02,71.0
2016-12-05,75.0
2016-12-06,77.0
2016-12-07,83.0
2016-12-08,85.0
2016-12-09,87.0
2016-12-12,87.0
2016-12-13,88.0
2016-12-14,86.0
2016-12-15,86.0
2016-12-16,84.0
2016-12-19,82.0
2016-12-20,79.0
2016-12-21,74.0
2016-12-22,71.0
2016-12-23,66.0
2016-12-27,70.0
2016-12-28,64.0
2016-12-29,64.0
2016-12-30,58.0
2017-01-03,71.0
2017-01-04,71.0
2017-01-05,68.0
2017-01-06,70.0
2017-01-09,66.0
2017-01-10,62.0
2017-01-11,61.0
2017-01-12,55.0
2017-01-13,57.0
2017-01-17,57.0
2017-01-18,56.0
2017-01-19,53.0
2017-01-20,54.0
2017-01-23,49.0
2017-01-24,54.0
2017-01-25,62.0
2017-01-26,57.0
2017-01-27,59.0
2017-01-30,53.0
2017-01-31,54.0
2017-02-01,53.0
2017-02-02,51.0
2017-02-03,60.0
2017-02-06,56.0
2017-02-07,56.0
2017-02-08,61.0
2017-02-09,69.0
2017-02-10,69.0
2017-02-13,74.0
2017-02-14,79.0
2017-02-15,80.0
2017-02-16,78.0
2017-02-17,77.0
2017-02-21,83.0
2017-02-22,80.0
2017-02-23,75.0
2017-02-24,68.0
2017-02-27,71.0
2017-02-28,64.0
2017-03-01,81.0
2017-03-02,75.0
2017-03-03,74.0
2017-03-06,69.0
2017-03-07,70.0
2017-03-08,62.0
2017-03-09,62.0
2017-03-10,66.0
2017-03-13,64.0
2017-03-14,51.0
2017-03-15,53.0
2017-03-16,51.0
2017-03-17,45.0
2017-03-20,42.0
2017-03-21,36.0
2017-03-22,32.0
2017-03-23,30.0
2017-03-24,30.0
2017-03-27,29.0
2017-03-28,34.0
2017-03-29,34.0
2017-03-30,43.0
2017-03-31,47.0
2017-04-03,46.0
2017-04-04,46.0
2017-04-05,43.0
2017-04-06,43.0
2017-04-07,40.0
2017-04-10,37.0
2017-04-11,31.0
2017-04-12,28.0
2017-04-13,25.0
2017-04-17,30.0
2017-04-18,30.0
2017-04-19,30.0
2017-04-20,34.0
2017-04-21,35.0
2017-04-24,39.0
2017-04-25,46.0
2017-04-26,48.0
2017-04-27,50.0
2017-04-28,50.0
2017-05-01,49.0
2017-05-02,51.0
2017-05-03,47.0
2017-05-04,45.0
2017-05-05,47.0
2017-05-08,49.0
2017-05-09,50.0
2017-05-10,61.0
2017-05-11,63.0
2017-05-12,62.0
2017-05-15,64.0
2017-05-16,66.0
2017-05-17,45.0
2017-05-18,43.0
2017-05-19,49.0
2017-05-22,50.0
2017-05-23,45.0
2017-05-24,54.0
2017-05-25,57.0
2017-05-26,58.0
2017-05-30,53.0
2017-05-31,50.0
2017-06-01,58.0
2017-06-02,57.0
2017-06-05,58.0
2017-06-06,55.0
2017-06-07,55.0
2017-06-08,55.0
2017-06-09,54.0
2017-06-12,55.0
2017-06-13,55.0
2017-06-14,52.0
2017-06-15,52.0
2017-06-16,50.0
2017-06-19,57.0
2017-06-20,48.0
2017-06-21,42.0
2017-06-22,50.0
2017-06-23,52.0
2017-06-26,53.0
2017-06-27,48.0
2017-06-28,60.0
2017-06-29,47.0
2017-06-30,49.0
2017-07-03,54.0
2017-07-05,57.0
2017-07-06,44.0
2017-07-07,49.0
2017-07-10,46.0
2017-07-11,41.0
2017-07-12,47.0
2017-07-13,54.0
2017-07-14,64.0
2017-07-17,67.0
2017-07-18,62.0
2017-07-19,74.0
2017-07-20,76.0
2017-07-21,73.0
2017-07-24,72.0
2017-07-25,81.0
2017-07-26,78.0
2017-07-27,73.0
2017-07-28,70.0
2017-07-31,70.0
2017-08-01,65.0
2017-08-02,67.0
2017-08-03,59.0
2017-08-04,64.0
2017-08-07,63.0
2017-08-08,61.0
2017-08-09,54.0
2017-08-10,31.0
2017-08-11,28.0
2017-08-14,39.0
2017-08-15,36.0
2017-08-16,34.0
2017-08-17,19.0
2017-08-18,17.0
2017-08-21,15.0
2017-08-22,23.0
2017-08-23,19.0
2017-08-24,22.0
2017-08-25,27.0
2017-08-28,29.0
2017-08-29,28.0
2017-08-30,35.0
2017-08-31,43.0
2017-09-01,50.0
2017-09-05,35.0
2017-09-06,41.0
2017-09-07,38.0
2017-09-08,38.0
2017-09-11,53.0
2017-09-12,63.0
2017-09-13,68.0
2017-09-14,68.0
2017-09-15,77.0
2017-09-18,80.0
2017-09-19,81.0
2017-09-20,79.0
2017-09-21,73.0
2017-09-22,70.0
2017-09-25,65.0
2017-09-26,67.0
2017-09-27,78.0
2017-09-28,79.0
2017-09-29,85.0
2017-10-02,89.0
2017-10-03,92.0
2017-10-04,91.0
2017-10-05,95.0
2017-10-06,92.0
2017-10-09,84.0
2017-10-10,85.0
2017-10-11,83.0
2017-10-12,77.0
2017-10-13,73.0
2017-10-16,78.0
2017-10-17,78.0
2017-10-18,82.0
2017-10-19,83.0
2017-10-20,90.0
2017-10-23,85.0
2017-10-24,87.0
2017-10-25,75.0
2017-10-26,71.0
2017-10-27,73.0
2017-10-30,74.0
2017-10-31,65.0
2017-11-01,72.0
2017-11-02,69.0
2017-11-03,66.0
2017-11-06,68.0
2017-11-07,58.0
2017-11-08,54.0
2017-11-09,54.0
2017-11-10,54.0
2017-11-13,53.0
2017-11-14,49.0
2017-11-15,36.0
2017-11-16,50.0
2017-11-17,44.0
2017-11-20,50.0
2017-11-21,54.0
2017-11-22,54.0
2017-11-24,59.0
2017-11-27,51.0
2017-11-28,64.0
2017-11-29,67.0
2017-11-30,73.0
2017-12-01,70.0
2017-12-04,64.0
2017-12-05,63.0
2017-12-06,60.0
2017-12-07,60.0
2017-12-08,64.0
2017-12-11,62.0
2017-12-12,66.0
2017-12-13,67.0
2017-12-14,66.0
2017-12-15,68.0
2017-12-18,74.0
2017-12-19,73.0
2017-12-20,72.0
2017-12-21,68.0
2017-12-22,66.0
2017-12-26,64.0
2017-12-27,61.0
2017-12-28,62.0
2017-12-29,53.0
2018-01-02,63.0
2018-01-03,67.0
2018-01-04,72.0
2018-01-05,75.0
2018-01-08,75.0
2018-01-09,76.0
2018-01-10,75.0
2018-01-11,77.0
2018-01-12,79.0
2018-01-16,75.0
2018-01-17,75.0
2018-01-18,72.0
2018-01-19,80.0
2018-01-22,79.0
2018-01-23,78.0
2018-01-24,78.0
2018-01-25,77.0
2018-01-26,79.0
2018-01-29,68.0
2018-01-30,62.0
2018-01-31,61.0
2018-02-01,58.0
2018-02-02,40.0
2018-02-05,17.0
2018-02-06,18.0
2018-02-07,16.0
2018-02-08,8.0
2018-02-09,10.0
2018-02-12,12.0
2018-02-13,13.0
2018-02-14,11.0
2018-02-15,15.0
2018-02-16,18.0
2018-02-20,17.0
2018-02-21,18.0
2018-02-22,15.0
2018-02-23,18.0
2018-02-26,20.0
2018-02-27,17.0
2018-02-28,12.0
2018-03-01,8.0
2018-03-02,10.0
2018-03-05,14.0
2018-03-06,26.0
2018-03-07,20.0
2018-03-08,20.0
2018-03-09,44.0
2018-03-12,40.0
2018-03-13,36.0
2018-03-14,30.0
2018-03-15,21.0
2018-03-16,19.0
2018-03-19,14.0
2018-03-20,15.0
2018-03-21,16.0
2018-03-22,9.0
2018-03-23,7.0
2018-03-26,8.0
2018-03-27,7.0
2018-03-28,6.0
2018-03-29,8.0
2018-04-02,7.0
2018-04-03,9.0
2018-04-04,11.0
2018-04-05,13.0
2018-04-06,9.0
2018-04-09,12.0
2018-04-10,17.0
2018-04-11,17.0
2018-04-12,22.0
2018-04-13,23.0
2018-04-16,25.0
2018-04-17,28.0
2018-04-18,32.0
2018-04-19,32.0
2018-04-20,38.0
2018-04-23,40.0
2018-04-24,33.0
2018-04-25,38.0
2018-04-26,42.0
2018-04-27,40.0
2018-04-30,42.0
2018-05-01,42.0
2018-05-02,38.0
2018-05-03,32.0
2018-05-04,40.0
2018-05-07,44.0
2018-05-08,41.0
2018-05-09,49.0
2018-05-10,54.0
2018-05-11,55.0
2018-05-14,54.0
2018-05-15,52.0
2018-05-16,55.0
2018-05-17,55.0
2018-05-18,52.0
2018-05-21,56.0
2018-05-22,59.0
2018-05-23,54.0
2018-05-24,48.0
2018-05-25,44.0
2018-05-29,34.0
2018-05-30,42.0
2018-05-31,43.0
2018-06-01,52.0
2018-06-04,55.0
2018-06-05,58.0
2018-06-06,65.0
2018-06-07,62.0
2018-06-08,63.0
2018-06-11,65.0
2018-06-12,65.0
2018-06-13,63.0
2018-06-14,63.0
2018-06-15,61.0
2018-06-18,61.0
2018-06-19,53.0
2018-06-20,57.0
2018-06-21,52.0
2018-06-22,53.0
2018-06-25,42.0
2018-06-26,47.0
2018-06-27,36.0
2018-06-28,39.0
2018-06-29,34.0
2018-07-02,35.0
2018-07-03,32.0
2018-07-05,33.0
2018-07-06,40.0
2018-07-09,47.0
2018-07-10,49.0
2018-07-11,41.0
2018-07-12,49.0
2018-07-13,47.0
2018-07-16,45.0
2018-07-17,49.0
2018-07-18,56.0
2018-07-19,50.0
2018-07-20,53.0
2018-07-23,58.0
2018-07-24,64.0
2018-07-25,70.0
2018-07-26,72.0
2018-07-27,67.0
2018-07-30,64.0
2018-07-31,66.0
2018-08-01,66.0
2018-08-02,68.0
2018-08-03,71.0
2018-08-06,72.0
2018-08-07,73.0
2018-08-08,74.0
2018-08-09,70.0
2018-08-10,60.0
2018-08-13,56.0
2018-08-14,58.0
2018-08-15,46.0
2018-08-16,51.0
2018-08-17,54.0
2018-08-20,55.0
2018-08-21,61.0
2018-08-22,61.0
2018-08-23,59.0
2018-08-24,68.0
2018-08-27,77.0
2018-08-28,74.0
2018-08-29,78.0
2018-08-30,73.0
2018-08-31,71.0
2018-09-04,67.0
2018-09-05,62.0
2018-09-06,53.0
2018-09-07,52.0
2018-09-10,56.0
2018-09-11,59.0
2018-09-12,59.0
2018-09-13,72.0
2018-09-14,73.0
2018-09-17,67.0
2018-09-18,73.0
2018-09-19,71.0
2018-09-20,74.0
2018-09-21,75.0
2018-09-24,70.0
2018-09-25,64.0
2018-09-26,53.0
2018-09-27,48.0
2018-09-28,47.0
2018-10-01,49.0
2018-10-02,45.0
2018-10-03,51.0
2018-10-04,43.0
2018-10-05,33.0
2018-10-08,28.0
2018-10-09,23.0
2018-10-10,8.0
2018-10-11,5.0
2018-10-12,11.0
2018-10-15,11.0
2018-10-16,13.0
2018-10-17,14.0
2018-10-18,12.0
2018-10-19,14.0
2018-10-22,16.0
2018-10-23,12.0
2018-10-24,6.0
2018-10-25,9.0
2018-10-26,7.0
2018-10-29,7.0
2018-10-30,10.0
2018-10-31,7.0
2018-11-01,6.0
2018-11-02,8.0
2018-11-05,9.0
2018-11-06,12.0
2018-11-07,25.0
2018-11-08,29.0
2018-11-09,18.0
2018-11-12,11.0
2018-11-13,10.0
2018-11-14,7.0
2018-11-15,10.0
2018-11-16,10.0
2018-11-19,8.0
2018-11-20,7.0
2018-11-21,13.0
2018-11-23,9.0
2018-11-26,17.0
2018-11-27,19.0
2018-11-28,23.0
2018-11-29,23.0
2018-11-30,22.0
2018-12-03,32.0
2018-12-04,20.0
2018-12-06,15.0
2018-12-07,11.0
2018-12-10,9.0
2018-12-11,8.0
2018-12-12,10.0
2018-12-13,11.0
2018-12-14,8.0
2018-12-17,10.0
2018-12-18,8.0
2018-12-19,8.0
2018-12-20,5.0
2018-12-21,3.0
2018-12-24,2.0
2018-12-26,4.0
2018-12-27,8.0
2018-12-28,12.0
2018-12-31,12.0
2019-01-02,12.0
2019-01-03,10.0
2019-01-04,16.0
2019-01-07,19.0
2019-01-08,24.0
2019-01-09,27.0
2019-01-10,31.0
2019-01-11,30.0
2019-01-14,28.0
2019-01-15,31.0
2019-01-16,38.0
2019-01-17,44.0
2019-01-18,51.0
2019-01-22,51.0
2019-01-23,55.0
2019-01-24,58.0
2019-01-25,58.0
2019-01-28,55.0
2019-01-29,55.0
2019-01-30,58.0
2019-01-31,60.0
2019-02-01,61.0
2019-02-04,64.0
2019-02-05,64.0
2019-02-06,65.0
2019-02-07,62.0
2019-02-08,61.0
2019-02-11,62.0
2019-02-12,67.0
2019-02-13,67.0
2019-02-14,65.0
2019-02-15,70.0
2019-02-19,68.0
2019-02-20,70.0
2019-02-21,68.0
2019-02-22,69.0
2019-02-25,70.0
2019-02-26,70.0
2019-02-27,72.0
2019-02-28,72.0
2019-03-01,72.0
2019-03-04,66.0
2019-03-05,66.0
2019-03-06,63.0
2019-03-07,59.0
2019-03-08,55.0
2019-03-11,59.0
2019-03-12,58.0
2019-03-13,60.0
2019-03-14,60.0
2019-03-15,65.0
2019-03-18,65.0
2019-03-19,67.0
2019-03-20,62.0
2019-03-21,68.0
2019-03-22,59.0
2019-03-25,56.0
2019-03-26,54.0
2019-03-27,51.0
2019-03-28,48.0
2019-03-29,49.0
2019-04-01,54.0
2019-04-02,56.0
2019-04-03,62.0
2019-04-04,70.0
2019-04-05,74.0
2019-04-08,74.0
2019-04-09,70.0
2019-04-10,69.0
2019-04-11,68.0
2019-04-12,74.0
2019-04-15,68.0
2019-04-16,70.0
2019-04-17,71.0
2019-04-18,70.0
2019-04-22,71.0
2019-04-23,75.0
2019-04-24,70.0
2019-04-25,71.0
2019-04-26,72.0
2019-04-29,71.0
2019-04-30,66.0
2019-05-01,62.0
2019-05-02,59.0
2019-05-03,60.0
2019-05-06,55.0
2019-05-07,40.0
2019-05-08,42.0
2019-05-09,40.0
2019-05-10,44.0
2019-05-13,32.0
2019-05-14,35.0
2019-05-15,35.0
2019-05-16,39.0
2019-05-17,36.0
2019-05-20,34.0
2019-05-21,34.0
2019-05-22,32.0
2019-05-23,28.0
2019-05-24,27.0
2019-05-28,25.0
2019-05-29,23.0
2019-05-30,24.0
2019-05-31,24.0
2019-06-03,23.0
2019-06-04,26.0
2019-06-05,29.0
2019-06-06,29.0
2019-06-07,32.0
2019-06-10,37.0
2019-06-11,36.0
2019-06-12,34.0
2019-06-13,39.0
2019-06-14,38.0
2019-06-17,37.0
2019-06-18,44.0
2019-06-19,42.0
2019-06-20,45.0
2019-06-21,50.0
2019-06-24,50.0
2019-06-25,44.0
2019-06-26,48.0
2019-06-27,47.0
2019-06-28,50.0
2019-07-01,55.0
2019-07-02,56.0
2019-07-03,63.0
2019-07-05,61.0
2019-07-08,59.0
2019-07-09,56.0
2019-07-10,58.0
2019-07-11,62.0
2019-07-12,64.0
2019-07-15,57.0
2019-07-16,55.0
2019-07-17,47.0
2019-07-18,47.0
2019-07-19,44.0
2019-07-22,44.0
2019-07-23,50.0
2019-07-24,57.0
2019-07-25,55.0
2019-07-26,60.0
2019-07-29,58.0
2019-07-30,53.0
2019-07-31,48.0
2019-08-01,43.0
2019-08-02,36.0
2019-08-05,22.0
2019-08-06,27.0
2019-08-07,25.0
2019-08-08,25.0
2019-08-09,25.0
2019-08-12,23.0
2019-08-13,27.0
2019-08-14,21.0
2019-08-15,19.0
2019-08-16,20.0
2019-08-19,26.0
2019-08-20,23.0
2019-08-21,25.0
2019-08-22,25.0
2019-08-23,18.0
2019-08-26,19.0
2019-08-27,16.0
2019-08-28,18.0
2019-08-29,26.0
2019-08-30,23.0
2019-09-03,25.0
2019-09-04,28.0
2019-09-05,39.0
2019-09-06,35.0
2019-09-09,45.0
2019-09-10,55.0
2019-09-11,57.0
2019-09-12,65.0
2019-09-13,68.0
2019-09-16,67.0
2019-09-17,66.0
2019-09-18,66.0
2019-09-19,63.0
2019-09-20,58.0
2019-09-23,59.0
2019-09-24,54.0
2019-09-25,59.0
2019-09-26,57.0
2019-09-27,52.0
2019-09-30,54.0
2019-10-01,48.0
2019-10-02,34.0
2019-10-03,29.0
2019-10-04,32.0
2019-10-07,30.0
2019-10-08,29.0
2019-10-09,30.0
2019-10-10,36.0
2019-10-11,42.0
2019-10-14,42.0
2019-10-15,42.0
2019-10-16,47.0
2019-10-17,50.0
2019-10-18,50.0
2019-10-21,56.0
2019-10-22,59.0
2019-10-23,55.0
2019-10-24,57.0
2019-10-25,62.0
2019-10-28,67.0
2019-10-29,71.0
2019-10-30,75.0
2019-10-31,72.0
2019-11-01,80.0
2019-11-04,86.0
2019-11-05,89.0
2019-11-06,88.0
2019-11-07,91.0
2019-11-08,91.0
2019-11-11,89.0
2019-11-12,88.0
2019-11-13,87.0
2019-11-14,83.0
2019-11-15,87.0
2019-11-18,83.0
2019-11-19,80.0
2019-11-20,74.0
2019-11-21,70.0
2019-11-22,69.0
2019-11-25,70.0
2019-11-26,69.0
2019-11-27,78.0
2019-11-29,78.0
2019-12-02,74.0
2019-12-03,63.0
2019-12-04,67.0
2019-12-05,67.0
2019-12-06,70.0
2019-12-09,68.0
2019-12-10,65.0
2019-12-11,61.0
2019-12-12,74.0
2019-12-13,75.0
2019-12-16,82.0
2019-12-17,85.0
2019-12-18,87.0
2019-12-19,90.0
2019-12-20,91.0
2019-12-23,92.0
2019-12-24,91.0
2019-12-26,93.0
2019-12-27,91.0
2019-12-30,90.0
2019-12-31,93.0
2020-01-02,97.0
2020-01-03,93.0
2020-01-06,93.0
2020-01-07,89.0
2020-01-08,92.0
2020-01-09,93.0
2020-01-10,91.0
2020-01-13,90.0
2020-01-14,90.0
2020-01-15,86.0
2020-01-16,89.0
2020-01-17,89.0
2020-01-21,81.0
2020-01-22,74.0
2020-01-23,68.0
2020-01-24,62.0
2020-01-27,47.0
2020-01-28,53.0
2020-01-29,52.0
2020-01-30,56.0
2020-01-31,44.0
2020-02-03,46.0
2020-02-04,55.0
2020-02-05,60.0
2020-02-06,63.0
2020-02-07,57.0
2020-02-10,57.0
2020-02-11,56.0
2020-02-12,60.0
2020-02-13,58.0
2020-02-14,55.0
2020-02-18,51.0
2020-02-19,53.0
2020-02-20,49.0
2020-02-21,44.0
2020-02-24,29.0
2020-02-25,22.0
2020-02-26,21.0
2020-02-27,13.0
2020-02-28,10.0
2020-03-02,12.0
2020-03-03,10.0
2020-03-04,15.0
2020-03-05,9.0
2020-03-06,6.0
2020-03-09,3.0
2020-03-10,6.0
2020-03-11,4.0
2020-03-12,2.0
2020-03-13,5.0
2020-03-16,3.0
2020-03-17,5.0
2020-03-18,5.0
2020-03-19,7.0
2020-03-20,8.0
2020-03-23,5.0
2020-03-24,13.0
2020-03-25,17.0
2020-03-26,22.0
2020-03-27,23.0
2020-03-30,25.0
2020-03-31,25.0
2020-04-01,22.0
2020-04-02,22.0
2020-04-03,22.0
2020-04-06,32.0
2020-04-07,26.0
2020-04-08,33.0
2020-04-09,43.0
2020-04-13,36.0
2020-04-14,45.0
2020-04-15,41.0
2020-04-16,42.0
2020-04-17,44.0
2020-04-20,41.0
2020-04-21,40.0
2020-04-22,41.0
2020-04-23,40.0
2020-04-24,39.0
2020-04-27,43.0
2020-04-28,41.0
2020-04-29,46.0
2020-04-30,47.0
2020-05-01,42.0
2020-05-04,44.0
2020-05-05,44.0
2020-05-06,40.0
2020-05-07,41.0
2020-05-08,45.0
2020-05-11,44.0
2020-05-12,38.0
2020-05-13,38.0
2020-05-14,39.0
2020-05-15,39.0
2020-05-18,49.0
2020-05-19,47.0
2020-05-20,53.0
2020-05-21,52.0
2020-05-22,50.0
2020-05-26,51.0
2020-05-27,54.0
2020-05-28,50.0
2020-05-29,52.0
2020-06-01,58.0
2020-06-02,58.0
2020-06-03,61.0
2020-06-04,62.0
2020-06-05,66.0
2020-07-09,53.0
2020-07-10,59.0
2020-07-13,53.0
2020-07-14,62.0
2020-07-15,63.0
2020-07-16,62.0
2020-07-17,63.0
2020-07-20,66.0
2020-07-21,65.0
2020-07-22,65.0
2020-07-23,68.0
2020-07-24,63.0
2020-07-27,66.0
2020-07-28,62.0
2020-07-29,65.0
2020-07-30,61.0
2020-07-31,65.0
2020-08-03,67.0
2020-08-04,68.0
2020-08-05,70.0
2020-08-06,74.0
2020-08-07,72.0
2020-08-10,75.0
2020-08-11,71.0
2020-08-12,74.0
2020-08-13,72.0
2020-08-14,72.0
2020-08-17,71.0
2020-08-18,70.0
2020-08-19,68.0
2020-08-20,70.0
2020-08-21,70.0
2020-08-24,73.0
2020-08-25,74.0
2020-08-26,75.0
2020-08-27,76.0
2020-08-28,78.0
2020-08-31,74.0
2020-09-01,77.0
2020-09-02,78.0
2020-09-03,58.0
2020-09-04,59.0
2020-09-08,54.0
2020-09-09,66.0
2020-09-10,59.0
2020-09-11,58.0
2020-09-14,59.0
2020-09-15,59.0
2020-09-16,56.0
2020-09-17,53.0
2020-09-18,52.0
2020-09-21,51.0
2020-09-22,52.0
2020-09-23,46.0
2020-09-24,48.0
2020-09-25,49.0
2020-09-28,50.0
2020-09-29,44.0
2020-09-30,45.0
2020-10-01,41.0
2020-10-02,40.0
2020-10-05,45.0
2020-10-06,44.0
2020-10-07,51.0
2020-10-08,53.0
2020-10-09,55.0
2020-10-12,60.0
2020-10-13,56.0
2020-10-14,55.0
2020-10-15,59.0
2020-10-16,62.0
2020-10-19,59.0
2020-10-20,58.0
2020-10-21,63.0
2020-10-22,69.0
2020-10-23,67.0
2020-10-26,44.0
2020-10-27,47.0
2020-10-28,33.0
2020-10-29,33.0
2020-10-30,29.0
2020-11-02,25.0
2020-11-03,32.0
2020-11-04,36.0
2020-11-05,41.0
2020-11-06,40.0
2020-11-09,54.0
2020-11-10,58.0
2020-11-11,66.0
2020-11-12,55.0
2020-11-13,59.0
2020-11-16,71.0
2020-11-17,67.0
2020-11-18,63.0
2020-11-19,64.0
2020-11-20,62.0
2020-11-23,75.0
2020-11-24,88.0
2020-11-25,91.0
2020-11-27,92.0
2020-11-30,88.0
2020-12-01,85.0
2020-12-02,87.0
2020-12-03,85.0
2020-12-04,89.0
2020-12-07,88.0
2020-12-08,82.0
2020-12-09,80.0
2020-12-10,77.0
2020-12-11,76.0
2020-12-14,69.0
2020-12-15,69.0
2020-12-16,69.0
2020-12-17,71.0
2020-12-18,63.0
2020-12-21,63.0
2020-12-22,59.0
2020-12-23,57.0
2020-12-24,54.0
2020-12-28,54.0
2020-12-29,52.0
2020-12-30,50.0
2020-12-31,51.0
2021-01-04,52.0
2021-01-05,53.0
2021-01-06,59.0
2021-01-07,66.0
2021-01-08,71.0
2021-01-11,65.0
2021-01-12,69.0
2021-01-13,70.0
2021-01-14,67.0
2021-01-15,60.0
2021-01-19,61.0
2021-01-20,69.0
2021-01-21,63.0
2021-01-22,69.0
2021-01-25,66.0
2021-01-26,62.0
2021-01-27,40.0
2021-01-28,45.0
2021-01-29,38.0
2021-02-01,39.0
2021-02-02,58.0
2021-02-03,50.0
2021-02-04,60.0
2021-02-05,60.0
2021-02-08,56.0
2021-02-09,65.0
2021-02-10,63.0
2021-02-11,66.0
2021-02-12,73.0
2021-02-16,71.0
2021-02-17,66.0
2021-02-18,59.0
2021-02-19,59.0
2021-02-22,58.0
2021-02-23,57.0
2021-02-24,63.0
2021-02-25,58.0
2021-02-26,48.0
2021-03-01,58.0
2021-03-02,50.0
2021-03-03,43.0
2021-03-04,37.0
2021-03-05,41.0
2021-03-08,39.0
2021-03-09,43.0
2021-03-10,45.0
2021-03-11,50.0
2021-03-12,53.0
2021-03-15,56.0
2021-03-16,54.0
2021-03-17,57.0
2021-03-18,52.0
2021-03-19,50.0
2021-03-22,50.0
2021-03-23,41.0
2021-03-24,37.0
2021-03-25,37.0
2021-03-26,37.0
2021-03-29,39.0
2021-03-30,42.0
2021-03-31,44.0
2021-04-01,46.0
2021-04-05,54.0
2021-04-06,53.0
2021-04-07,52.0
2021-04-08,48.0
2021-04-09,47.0
2021-04-12,43.0
2021-04-13,43.0
2021-04-14,39.0
2021-04-15,47.0
2021-04-16,51.0
2021-04-19,45.0
2021-04-20,42.0
2021-04-21,49.0
2021-04-22,46.0
2021-04-23,47.0
2021-04-26,50.0
2021-04-27,54.0
2021-04-28,52.0
2021-04-29,56.0
2021-04-30,46.0
2021-05-03,47.0
2021-05-04,43.0
2021-05-05,43.0
2021-05-06,43.0
2021-05-07,48.0
2021-05-10,44.0
2021-05-11,42.0
2021-05-12,26.0
2021-05-13,34.0
2021-05-14,35.0
2021-05-17,36.0
2021-05-18,34.0
2021-05-19,32.0
2021-05-20,32.0
2021-05-21,29.0
2021-05-24,29.0
2021-05-25,26.0
2021-05-26,28.0
2021-05-27,30.0
2021-05-28,31.0
2021-06-01,35.0
2021-06-02,42.0
2021-06-03,40.0
2021-06-04,41.0
2021-06-07,44.0
2021-06-08,46.0
2021-06-09,48.0
2021-06-10,48.0
2021-06-11,51.0
2021-06-14,54.0
2021-06-15,52.0
2021-06-16,44.0
2021-06-17,42.0
2021-06-18,31.0
2021-06-21,32.0
2021-06-22,32.0
2021-06-23,33.0
2021-06-24,36.0
2021-06-25,41.0
2021-06-28,41.0
2021-06-29,39.0
2021-06-30,38.0
2021-07-01,38.0
2021-07-02,38.0
2021-07-06,33.0
2021-07-07,33.0
2021-07-08,26.0
2021-07-09,31.0
2021-07-12,31.0
2021-07-13,31.0
2021-07-14,29.0
2021-07-15,27.0
2021-07-16,26.0
2021-07-19,8.0
2021-07-20,20.0
2021-07-21,24.0
2021-07-22,24.0
2021-07-23,28.0
2021-07-26,30.0
2021-07-27,27.0
2021-07-28,27.0
2021-07-29,29.0
2021-07-30,25.0
2021-08-02,25.0
2021-08-03,29.0
2021-08-04,28.0
2021-08-05,29.0
2021-08-06,31.0
2021-08-09,32.0
2021-08-10,34.0
2021-08-11,37.0
2021-08-12,43.0
2021-08-13,47.0
2021-08-16,44.0
2021-08-17,31.0
2021-08-18,18.0
2021-08-19,14.0
2021-08-20,23.0
2021-08-23,30.0
2021-08-24,34.0
2021-08-25,36.0
2021-08-26,36.0
2021-08-27,47.0
2021-08-28,50.0
2021-08-30,47.0
2021-08-31,47.0
2021-09-01,43.0
2021-09-02,44.0
2021-09-03,44.0
2021-09-06,54.0
2021-09-07,41.0
2021-09-08,38.0
2021-09-09,33.0
2021-09-10,20.0
2021-09-13,28.0
2021-09-14,24.0
2021-09-15,31.0
2021-09-16,31.0
2021-09-17,17.0
2021-09-20,11.0
2021-09-21,11.0
2021-09-22,20.0
2021-09-23,24.0
2021-09-24,23.0
2021-09-27,24.0
2021-09-28,12.0
2021-09-29,12.0
2021-09-30,9.0
2021-10-01,18.0
2021-10-04,9.0
2021-10-05,18.0
2021-10-06,20.0
2021-10-07,24.0
2021-10-08,25.0
2021-10-11,25.0
2021-10-12,22.0
2021-10-13,24.0
2021-10-14,31.0
2021-10-15,43.0
2021-10-18,46.0
2021-10-19,53.0
2021-10-20,56.0
2021-10-21,60.0
2021-10-22,59.0
2021-10-25,62.0
2021-10-26,63.0
2021-10-27,58.0
2021-10-28,64.0
2021-10-29,65.0
2021-11-01,66.0
2021-11-02,68.0
2021-11-03,72.0
2021-11-04,72.0
2021-11-05,73.0
2021-11-08,74.0
2021-11-09,77.0
2021-11-10,73.0
2021-11-11,72.0
2021-11-12,74.0
2021-11-15,71.0
2021-11-16,72.0
2021-11-17,69.0
2021-11-18,70.0
2021-11-19,62.0
2021-11-22,60.0
2021-11-23,60.0
2021-11-24,56.0
2021-11-25,64.0
2021-11-26,31.0
2021-11-29,38.0
2021-11-30,24.0
2021-12-01,25.0
2021-12-02,22.0
2021-12-03,20.0
2021-12-06,21.0
2021-12-07,37.0
2021-12-08,41.0
2021-12-09,36.0
2021-12-10,42.0
2021-12-13,35.0
2021-12-14,31.0
2021-12-15,37.0
2021-12-16,33.0
2021-12-17,32.0
2021-12-20,29.0
2021-12-21,34.0
2021-12-22,39.0
2021-12-23,50.0
2021-12-24,40.0
2021-12-27,56.0
2021-12-28,62.0
2021-12-29,64.0
2021-12-30,63.0
2021-12-31,62.0
2022-01-03,65.0
2022-01-04,64.0
2022-01-05,51.0
2022-01-06,52.0
2022-01-07,49.0
2022-01-10,51.0
2022-01-11,56.0
2022-01-12,55.0
2022-01-13,52.0
2022-01-14,55.0
2022-01-18,53.0
2022-01-19,44.0
2022-01-20,39.0
2022-01-21,26.0
2022-01-24,23.0
2022-01-25,20.0
2022-01-26,19.0
2022-01-27,18.0
2022-01-28,23.0
2022-01-31,29.0
2022-02-01,30.0
2022-02-02,28.0
2022-02-03,26.0
2022-02-04,27.0
2022-02-07,27.0
2022-02-08,28.0
2022-02-09,32.0
2022-02-10,33.0
2022-02-11,28.0
2022-02-14,25.0
2022-02-15,29.0
2022-02-16,32.0
2022-02-17,32.0
2022-02-18,29.0
2022-02-22,28.0
2022-02-23,18.0
2022-02-24,21.0
2022-02-25,28.0
2022-02-28,25.0
2022-03-01,22.0
2022-03-02,17.0
2022-03-03,21.0
2022-03-04,18.0
2022-03-07,16.0
2022-03-08,16.0
2022-03-09,18.0
2022-03-10,17.0
2022-03-11,19.0
2022-03-14,17.0
2022-03-15,21.0
2022-03-16,25.0
2022-03-17,33.0
2022-03-18,38.0
2022-03-21,40.0
2022-03-22,44.0
2022-03-23,45.0
2022-03-24,46.0
2022-03-25,49.0
2022-03-28,51.0
2022-03-29,52.0
2022-03-30,52.0
2022-03-31,59.0
2022-04-01,59.0
2022-04-04,61.0
2022-04-05,47.0
2022-04-06,46.0
2022-04-07,46.0
2022-04-08,46.0
2022-04-11,43.0
2022-04-12,42.0
2022-04-13,41.0
2022-04-14,39.0
2022-04-18,37.0
2022-04-19,39.0
2022-04-20,43.0
2022-04-21,38.0
2022-04-22,31.0
2022-04-25,29.0
2022-04-26,17.0
2022-04-27,16.0
2022-04-28,24.0
2022-04-29,14.0
2022-05-02,13.0
2022-05-03,30.0
2022-05-04,22.0
2022-05-05,13.0
2022-05-06,12.0
2022-05-09,8.0
2022-05-10,7.0
2022-05-11,4.0
2022-05-12,3.0
2022-05-13,11.0
2022-05-16,11.0
2022-05-17,15.0
2022-05-18,6.0
2022-05-19,13.0
2022-05-20,12.0
2022-05-23,17.0
2022-05-24,16.0
2022-05-25,17.0
2022-05-26,24.0
2022-05-27,29.0
2022-05-31,40.0
2022-06-01,40.0
2022-06-02,44.0
2022-06-03,35.0
2022-06-06,42.0
2022-06-07,45.0
2022-06-08,48.0
2022-06-09,47.0
2022-06-10,40.0
2022-06-13,25.0
2022-06-14,20.0
2022-06-15,29.0
2022-06-16,17.0
2022-06-17,16.0
2022-06-21,19.0
2022-06-22,26.0
2022-06-23,26.0
2022-06-24,30.0
2022-06-27,30.0
2022-06-28,28.0
2022-06-29,26.0
2022-06-30,24.0
2022-07-01,24.0
2022-07-05,22.0
2022-07-06,22.0
2022-07-07,27.0
2022-07-08,31.0
2022-07-11,30.0
2022-07-12,30.0
2022-07-13,27.0
2022-07-14,26.0
2022-07-15,33.0
2022-07-18,35.0
2022-07-19,39.0
2022-07-20,44.0
2022-07-21,48.0
2022-07-22,42.0
2022-07-25,42.0
2022-07-26,42.0
2022-07-27,46.0
2022-07-28,48.0
2022-07-29,52.0
2022-08-01,59.0
2022-08-02,57.0
2022-08-03,60.0
2022-08-04,61.0
2022-08-05,63.0
2022-08-08,64.0
2022-08-09,64.0
2022-08-10,65.0
2022-08-11,65.0
2022-08-12,68.0
2022-08-15,66.0
2022-08-16,67.0
2022-08-17,67.0
2022-08-18,66.0
2022-08-19,63.0
2022-08-22,60.0
2022-08-23,57.0
2022-08-24,57.0
2022-08-25,58.0
2022-08-26,55.0
2022-08-29,54.0
2022-08-30,49.0
2022-08-31,52.0
2022-09-01,49.0
2022-09-02,42.0
2022-09-06,40.0
2022-09-07,39.0
2022-09-08,40.0
2022-09-09,43.0
2022-09-12,47.0
2022-09-13,36.0
2022-09-14,41.0
2022-09-15,40.0
2022-09-16,35.0
2022-09-19,36.0
2022-09-20,36.0
2022-09-21,27.0
2022-09-22,24.0
2022-09-23,21.0
2022-09-26,17.0
2022-09-27,16.0
2022-09-28,17.0
2022-09-29,13.0
2022-09-30,16.0
2022-10-03,20.0
2022-10-04,27.0
2022-10-05,29.0
2022-10-06,23.0
2022-10-07,19.0
2022-10-10,19.0
2022-10-11,16.0
2022-10-12,15.0
2022-10-13,19.0
2022-10-14,16.0
2022-10-17,23.0
2022-10-18,28.0
2022-10-19,29.0
2022-10-20,39.0
2022-10-21,43.0
2022-10-24,47.0
2022-10-25,51.0
2022-10-26,53.0
2022-10-27,54.0
2022-10-28,57.0
2022-10-31,64.0
2022-11-01,63.0
2022-11-02,55.0
2022-11-03,55.0
2022-11-04,56.0
2022-11-07,59.0
2022-11-08,57.0
2022-11-09,54.0
2022-11-10,60.0
2022-11-11,63.0
2022-11-14,62.0
2022-11-15,66.0
2022-11-16,65.0
2022-11-17,61.0
2022-11-18,60.0
2022-11-21,60.0
2022-11-22,60.0
2022-11-23,64.0
2022-11-25,63.0
2022-11-28,59.0
2022-11-29,58.0
2022-11-30,73.0
2022-12-01,75.0
2022-12-02,68.0
2022-12-05,65.0
2022-12-06,61.0
2022-12-07,58.0
2022-12-08,55.0
2022-12-09,52.0
2022-12-12,57.0
2022-12-13,59.0
2022-12-14,60.0
2022-12-15,60.0
2022-12-16,44.0
2022-12-19,39.0
2022-12-20,38.0
2022-12-21,38.0
2022-12-22,37.0
2022-12-23,39.0
2022-12-27,39.0
2022-12-28,35.0
2022-12-29,37.0
2022-12-30,36.0
2023-01-03,36.0
2023-01-04,39.0
2023-01-05,44.0
2023-01-06,45.0
2023-01-09,47.0
2023-01-10,49.0
2023-01-11,54.0
2023-01-12,56.0
2023-01-13,61.0
2023-01-17,64.0
2023-01-18,58.0
2023-01-19,55.0
2023-01-20,58.0
2023-01-23,63.0
2023-01-24,63.0
2023-01-25,63.0
2023-01-26,68.0
2023-01-27,69.0
2023-01-30,67.0
2023-01-31,70.0
2023-02-01,82.0
2023-02-02,75.0
2023-02-03,76.0
2023-02-06,75.0
2023-02-07,76.0
2023-02-08,74.0
2023-02-09,72.0
2023-02-10,72.0
2023-02-13,71.0
2023-02-14,73.0
2023-02-15,73.0
2023-02-16,70.0
2023-02-17,69.0
2023-02-21,65.0
2023-02-22,64.0
2023-02-23,62.0
2023-02-24,60.0
2023-02-27,61.0
2023-02-28,61.0
2023-03-01,65.0
2023-03-02,52.0
2023-03-03,55.0
2023-03-06,55.0
2023-03-07,48.0
2023-03-08,49.0
2023-03-09,37.0
2023-03-10,26.0
2023-03-13,23.0
2023-03-14,25.0
2023-03-15,22.0
2023-03-16,32.0
2023-03-17,27.0
2023-03-20,30.0
2023-03-21,43.0
2023-03-22,41.0
2023-03-23,38.0
2023-03-24,37.0
2023-03-27,40.0
2023-03-28,39.0
2023-03-29,41.0
2023-03-30,45.0
2023-03-31,49.0
2023-04-03,61.0
2023-04-04,50.0
2023-04-05,52.0
2023-04-06,55.0
2023-04-10,57.0
2023-04-11,58.0
2023-04-12,60.0
2023-04-13,63.0
2023-04-14,65.0
2023-04-17,67.0
2023-04-18,65.0
2023-04-19,67.0
2023-04-20,64.0
2023-04-21,63.0
2023-04-24,63.0
2023-04-25,57.0
2023-04-26,52.0
2023-04-27,58.0
2023-04-28,59.0
2023-05-01,59.0
2023-05-02,55.0
2023-05-03,54.0
2023-05-04,49.0
2023-05-05,53.0
2023-05-08,57.0
2023-05-09,59.0
2023-05-10,59.0
2023-05-11,59.0
2023-05-12,57.0
2023-05-15,57.0
2023-05-16,55.0
2023-05-17,60.0
2023-05-18,64.0
2023-05-19,65.0
2023-05-22,67.0
2023-05-23,65.0
2023-05-24,61.0
2023-05-25,62.0
2023-05-26,65.0
2023-05-30,66.0
2023-05-31,64.0
2023-06-01,68.0
2023-06-02,75.0
2023-06-05,69.0
2023-06-06,73.0
2023-06-07,74.0
2023-06-08,75.0
2023-06-09,76.0
2023-06-12,78.0
2023-06-13,79.0
2023-06-14,79.0
2023-06-15,80.0
2023-06-16,81.0
2023-06-20,80.0
2023-06-21,80.0
2023-06-22,80.0
2023-06-23,75.0
2023-06-26,73.0
2023-06-27,75.0
2023-06-28,76.0
2023-06-29,79.0
2023-06-30,79.0
2023-07-03,82.0
2023-07-05,79.0
2023-07-06,77.0
2023-07-07,77.0
2023-07-10,76.0
2023-07-11,78.0
2023-07-12,78.0
2023-07-13,79.0
2023-07-14,79.0
2023-07-17,80.0
2023-07-18,81.0
2023-07-19,82.0
2023-07-20,80.0
2023-07-21,81.0
2023-07-24,82.0
2023-07-25,81.0
2023-07-26,80.0
2023-07-27,77.0
2023-07-28,76.0
2023-07-31,77.0
2023-08-01,77.0
2023-08-02,77.0
2023-08-03,73.0
2023-08-04,64.0
2023-08-07,72.0
2023-08-08,69.0
2023-08-09,67.0
2023-08-10,66.0
2023-08-11,65.0
2023-08-14,66.0
2023-08-15,54.0
2023-08-16,49.0
2023-08-17,46.0
2023-08-18,43.0
2023-08-21,43.0
2023-08-22,43.0
2023-08-23,50.0
2023-08-24,40.0
2023-08-25,47.0
2023-08-28,45.0
2023-08-29,49.0
2023-08-30,50.0
2023-08-31,52.0
2023-09-01,55.0
2023-09-05,59.0
2023-09-06,56.0
2023-09-07,53.0
2023-09-08,51.0
2023-09-11,52.0
2023-09-12,51.0
2023-09-13,51.0
2023-09-14,54.0
2023-09-15,52.0
2023-09-18,49.0
2023-09-19,49.0
2023-09-20,48.0
2023-09-21,37.0
2023-09-22,33.0
2023-09-25,38.0
2023-09-26,24.0
2023-09-27,22.0
2023-09-28,29.0
2023-09-29,28.0
2023-10-02,28.0
2023-10-03,20.0
2023-10-04,20.0
2023-10-05,20.0
2023-10-06,27.0
2023-10-09,29.0
2023-10-10,32.0
2023-10-11,34.0
2023-10-12,35.0
2023-10-13,26.0
2023-10-16,35.0
2023-10-17,39.0
2023-10-18,30.0
2023-10-19,29.0
2023-10-20,22.0
2023-10-23,25.0
2023-10-24,33.0
2023-10-25,25.0
2023-10-26,22.0
2023-10-27,21.0
2023-10-30,29.0
2023-10-31,30.0
2023-11-01,32.0
2023-11-02,37.0
2023-11-03,36.0
2023-11-06,38.0
2023-11-07,39.0
2023-11-08,39.0
2023-11-09,41.0
2023-11-10,41.0
2023-11-13,39.0
2023-11-14,46.0
2023-11-15,52.0
2023-11-16,55.0
2023-11-17,58.0
2023-11-20,61.0
2023-11-21,61.0
2023-11-22,65.0
2023-11-24,66.0
2023-11-27,65.0
2023-11-28,65.0
2023-11-29,63.0
2023-11-30,64.0
2023-12-01,64.0
2023-12-04,63.0
2023-12-05,65.0
2023-12-06,63.0
2023-12-07,66.0
2023-12-08,65.0
2023-12-11,67.0
2023-12-12,67.0
2023-12-13,67.0
2023-12-14,70.0
2023-12-15,80.0
2023-12-18,77.0
2023-12-19,77.0
2023-12-20,71.0
2023-12-21,76.0
2023-12-22,78.0
2023-12-26,80.0
2023-12-27,76.0
2023-12-28,78.0
2023-12-29,76.0
,
,
,
,
,
,
,
,
,
,
,
,
,
,
,
,
,
,
,
,
